,max10_50_standard,max10_50,
Analysis & Synthesis
Analysis & Synthesis Status, Successful - Mon Dec 19 02:31:41 2016, Successful - Mon Dec 19 02:28:11 2016,
Quartus Prime Version, 15.1.0 Build 185 10/21/2015 SJ Lite Edition, 15.1.0 Build 185 10/21/2015 SJ Lite Edition,
Revision Name, max10_50_standard, max10_50,
Top-level Entity Name, pipemult, pipemult,
Family, MAX 10, MAX 10,
Total logic elements, 16, 124,
Total combinational functions, 0, 104,
Dedicated logic registers, 16, 80,
Total registers, 16, 80,
Total pins, 83, 83,
Total virtual pins, 0, 0,
Total memory bits, 512, 512,
Embedded Multiplier 9-bit elements, 1, 0,
Total PLLs, 0, 0,
UFM blocks, 0, 0,
ADC blocks, 0, 0,
Fitter
Fitter Status, Successful - Mon Dec 19 02:32:15 2016, Successful - Mon Dec 19 02:28:48 2016,
Quartus Prime Version, 15.1.0 Build 185 10/21/2015 SJ Lite Edition, 15.1.0 Build 185 10/21/2015 SJ Lite Edition,
Revision Name, max10_50_standard, max10_50,
Top-level Entity Name, pipemult, pipemult,
Family, MAX 10, MAX 10,
Device, 10M50SAE144C8GES, 10M50SAE144C8GES,
Timing Models, Preliminary, Preliminary,
Total logic elements," 1 / 49,760 ( < 1 % ")," 109 / 49,760 ( < 1 % "),
Total combinational functions," 1 / 49,760 ( < 1 % ")," 106 / 49,760 ( < 1 % "),
Dedicated logic registers," 0 / 49,760 ( 0 % ")," 64 / 49,760 ( < 1 % "),
Total registers, 0, 64,
Total pins, 83 / 101 ( 82 % ), 83 / 101 ( 82 % ),
Total virtual pins, 0, 0,
Total memory bits," 512 / 1,677,312 ( < 1 % ")," 512 / 1,677,312 ( < 1 % "),
Embedded Multiplier 9-bit elements, 1 / 288 ( < 1 % ), 0 / 288 ( 0 % ),
Total PLLs, 0 / 1 ( 0 % ), 0 / 1 ( 0 % ),
UFM blocks, 0 / 1 ( 0 % ), 0 / 1 ( 0 % ),
ADC blocks, 0 / 1 ( 0 % ), 0 / 1 ( 0 % ),
