{
	"partitions" : [
		{
			"name" : "Top",
			"pins" : [
				{
					"name" : "q[15]",
					"strict" : false
				},
				{
					"name" : "q[14]",
					"strict" : false
				},
				{
					"name" : "q[13]",
					"strict" : false
				},
				{
					"name" : "q[12]",
					"strict" : false
				},
				{
					"name" : "q[11]",
					"strict" : false
				},
				{
					"name" : "q[10]",
					"strict" : false
				},
				{
					"name" : "q[9]",
					"strict" : false
				},
				{
					"name" : "q[8]",
					"strict" : false
				},
				{
					"name" : "q[7]",
					"strict" : false
				},
				{
					"name" : "q[6]",
					"strict" : false
				},
				{
					"name" : "q[5]",
					"strict" : false
				},
				{
					"name" : "q[4]",
					"strict" : false
				},
				{
					"name" : "q[3]",
					"strict" : false
				},
				{
					"name" : "q[2]",
					"strict" : false
				},
				{
					"name" : "q[1]",
					"strict" : false
				},
				{
					"name" : "q[0]",
					"strict" : false
				},
				{
					"name" : "clk1",
					"strict" : false
				},
				{
					"name" : "wren",
					"strict" : false
				},
				{
					"name" : "wraddress[0]",
					"strict" : false
				},
				{
					"name" : "wraddress[1]",
					"strict" : false
				},
				{
					"name" : "wraddress[2]",
					"strict" : false
				},
				{
					"name" : "wraddress[3]",
					"strict" : false
				},
				{
					"name" : "wraddress[4]",
					"strict" : false
				},
				{
					"name" : "rdaddress[0]",
					"strict" : false
				},
				{
					"name" : "rdaddress[1]",
					"strict" : false
				},
				{
					"name" : "rdaddress[2]",
					"strict" : false
				},
				{
					"name" : "rdaddress[3]",
					"strict" : false
				},
				{
					"name" : "rdaddress[4]",
					"strict" : false
				},
				{
					"name" : "dataa[7]",
					"strict" : false
				},
				{
					"name" : "datab[6]",
					"strict" : false
				},
				{
					"name" : "datab[5]",
					"strict" : false
				},
				{
					"name" : "datab[4]",
					"strict" : false
				},
				{
					"name" : "datab[3]",
					"strict" : false
				},
				{
					"name" : "datab[2]",
					"strict" : false
				},
				{
					"name" : "datab[1]",
					"strict" : false
				},
				{
					"name" : "datab[7]",
					"strict" : false
				},
				{
					"name" : "dataa[6]",
					"strict" : false
				},
				{
					"name" : "dataa[5]",
					"strict" : false
				},
				{
					"name" : "dataa[4]",
					"strict" : false
				},
				{
					"name" : "datab[0]",
					"strict" : false
				},
				{
					"name" : "dataa[3]",
					"strict" : false
				},
				{
					"name" : "dataa[2]",
					"strict" : false
				},
				{
					"name" : "dataa[1]",
					"strict" : false
				},
				{
					"name" : "dataa[0]",
					"strict" : false
				}
			]
		}
	]
}